restaurant_id,average_calories,average_sodium,average_protein,healthiness_score
17715,215.45,2150.0,7.199,19.24
18827,262.9583333333333,603.0833333333334,7.77375,52.45
18831,185.08333333333334,439.1666666666667,14.263333333333334,47.99
18835,177.5,189.8,8.453,28.31
18839,267.0357142857143,3166.4285714285716,8.638571428571428,23.51
18841,249.25,61.785714285714285,2.395,18.37
18842,309.7916666666667,1340.6527777777778,4.102569444444445,20.32
18843,188.75,1577.75,10.871944444444445,22.23
18848,240.32843137254903,310.2549019607843,9.663725490196079,38.9
18849,188.95555555555558,1105.9055555555556,8.473611111111111,30.79
18851,193.10714285714286,1599.3214285714287,5.381071428571429,15.99
18858,263.29761904761904,480.36904761904765,11.80345238095238,51.07
18859,220.36111111111111,2487.625,10.365555555555556,23.21
18861,282.8,2160.083333333333,5.004666666666667,20.03
18864,247.69047619047618,1841.4166666666665,7.069880952380951,20.7
18865,182.02380952380955,1053.4880952380952,6.993095238095238,31.32
18866,209.50833333333335,1254.2583333333334,9.315166666666666,25.39
18867,237.43939393939397,3797.1893939393935,9.525,23.08
18870,250.05208333333334,1888.2395833333333,7.2565625,21.04
18875,165.91666666666666,192.03333333333333,6.7045,25.79
18878,168.95370370370372,2943.6481481481483,11.380555555555555,21.84
18879,201.39583333333331,795.4270833333334,8.960729166666667,47.51
18880,138.33333333333334,2967.8333333333335,7.8075,16.1
18886,175.73148148148147,850.8888888888889,8.689814814814817,43.13
18892,167.40277777777777,1551.7708333333333,8.555833333333334,18.44
18894,211.83333333333331,483.5208333333333,10.037916666666668,46.58
18896,262.4642857142857,1636.404761904762,5.741190476190476,19.88
18899,239.11111111111111,5701.777777777777,7.08625,20.29
18900,103.8125,345.625,4.6325,27.92
18906,245.88636363636363,2322.0,9.267045454545455,23.2
18907,172.0909090909091,1294.340909090909,7.017272727272727,18.81
18912,287.3030303030303,2041.9166666666665,5.991742424242424,21.41
18915,193.3125,1026.7083333333333,5.523472222222222,31.5
18919,195.29166666666666,2457.4166666666665,8.264999999999999,19.49
18922,277.6944444444444,7693.416666666667,1.0308333333333335,15.1
18925,230.01041666666666,348.0729166666667,6.855208333333334,36.97
18926,259.5476190476191,2634.4166666666665,9.206785714285715,23.81
18931,276.73809523809524,1829.6190476190477,11.812738095238094,27.73
18938,247.0333333333333,320.1333333333333,12.592666666666666,43.17
18939,246.0,5407.375,12.66,27.19
18946,157.5625,321.58333333333337,5.583958333333333,30.53
18949,147.33333333333334,381.1666666666667,0.13833333333333334,26.59
18950,220.38541666666666,778.0833333333334,10.009583333333333,50.56
18951,200.1875,278.7291666666667,8.10625,33.48
18953,125.31666666666668,240.8,1.8059166666666666,20.43
18955,287.78333333333336,2947.6,8.328999999999999,24.19
18957,197.08333333333334,410.5,11.79138888888889,44.25
18961,193.57142857142858,3037.214285714286,7.83,18.89
18963,335.83333333333337,237.54166666666666,6.384166666666667,36.18
18966,251.0625,998.59375,10.146875,41.23
18967,186.49242424242422,965.5454545454545,5.198257575757576,33.83
18970,137.79166666666666,7728.833333333333,5.565694444444444,13.44
18971,213.96428571428572,3124.8571428571427,8.791547619047618,21.04
18972,371.5,327.75,5.0,40.84
18973,272.7738095238095,101.94047619047619,4.229880952380952,23.71
18974,156.7,439.2,9.755500000000001,41.27
18975,0.0,0.0,0.0,0.0
18978,326.7,136.1,6.544500000000001,30.84
18981,227.9242424242424,1862.996212121212,6.817537878787878,19.42
18982,286.0833333333333,169.91666666666666,6.869166666666666,30.88
18985,192.50555555555556,3492.861111111111,5.55561111111111,16.16
18986,228.67948717948718,359.26282051282055,9.246602564102563,40.28
18988,178.74166666666667,1134.225,4.424833333333334,24.1
18989,179.72727272727272,2351.1136363636365,6.141363636363636,16.21
18990,157.71666666666664,5330.05,6.114333333333333,15.08
18992,290.2685185185185,2418.1111111111113,6.912037037037036,22.65
18993,212.58333333333334,401.4583333333333,7.882638888888889,39.98
18994,242.91666666666669,138.77083333333334,7.0625,27.39
18995,193.53703703703704,1644.5185185185185,7.1910185185185185,18.14
18997,342.54166666666663,199.70833333333331,2.0949999999999998,29.58
18998,272.85,142.05,6.660500000000001,28.58
18999,225.87121212121212,2297.810606060606,9.637500000000001,22.63
19004,270.7833333333333,5394.116666666667,6.594833333333332,21.3
19007,242.43055555555554,6043.13888888889,4.9873611111111105,17.99
19008,293.55,68.66666666666667,5.294833333333333,24.34
19009,181.0,3617.25,11.986666666666666,23.15
19010,229.04166666666666,421.7291666666667,13.537708333333333,48.47
19011,183.47916666666666,406.5,12.131458333333333,43.77
19012,245.39583333333331,500.9375,13.351875,53.02
19014,167.08333333333334,1001.1730769230769,6.198653846153846,32.25
19021,198.16071428571428,382.10714285714283,11.031607142857142,41.99
19028,215.0666666666667,4032.45,5.238666666666667,16.92
19030,202.27777777777777,282.1388888888889,8.0575,33.7
19034,242.5625,1069.5,7.260277777777778,33.86
19037,223.33333333333334,2321.256944444445,8.197291666666667,20.81
19039,200.0,2675.46875,9.6834375,21.39
19043,238.46428571428572,313.67857142857144,10.313928571428571,39.74
19047,284.375,368.875,15.02375,50.34
19050,237.68333333333334,1205.1916666666666,7.435166666666666,27.04
19054,234.35416666666666,1817.78125,9.3809375,22.75
19055,283.4583333333333,242.83333333333334,8.89875,36.78
19060,268.5833333333333,3639.3333333333335,19.049166666666668,35.84
19068,197.4047619047619,2286.440476190476,8.48345238095238,19.85
19069,210.78571428571428,3059.3571428571427,9.275238095238095,21.45
19070,230.9277777777778,1216.8166666666666,8.662833333333333,27.56
19071,257.40277777777777,2348.513888888889,7.898333333333333,22.16
19073,185.17777777777778,2135.95,8.010055555555557,18.68
19074,201.16145833333334,3421.09375,8.583124999999999,20.16
19075,104.33333333333334,1674.1666666666667,7.49,14.03
19077,113.5,132.3125,5.800000000000001,19.11
19081,161.2222222222222,306.02777777777777,6.354166666666667,30.84
19086,191.09259259259258,455.7037037037037,8.099722222222221,41.87
19090,175.5972222222222,355.52777777777777,8.698611111111111,36.79
19091,144.875,675.0,7.3862499999999995,48.85
19094,184.45,143.8,6.786999999999999,24.4
19095,187.33333333333334,357.0,13.826666666666666,43.48
19099,234.91666666666666,320.25,6.905,35.88
19101,151.25,1438.5,8.135,17.13
19106,174.86764705882354,725.6323529411765,7.829264705882353,48.34
19107,143.76470588235293,1492.357843137255,8.451078431372549,17.13
19109,147.41666666666666,1784.0378787878785,6.428484848484849,14.93
19110,268.52777777777777,45.916666666666664,5.069444444444445,21.69
19113,248.29166666666666,2132.0,14.694166666666666,29.7
19116,160.175,851.475,6.1155,39.3
19118,131.07142857142858,460.4642857142857,7.081071428571428,37.91
19120,222.5666666666667,580.3666666666667,16.14966666666667,59.15
19121,198.0,603.4166666666666,9.699166666666667,51.48
19124,181.45,1294.9,7.3075,19.59
19128,169.0,3294.2,6.196,15.74
19140,225.29861111111111,375.27777777777777,9.337847222222221,41.01
19146,202.75,3191.75,6.164375,17.39
19147,217.69444444444446,3129.8333333333335,10.084166666666667,22.75
19148,145.9375,517.0520833333334,7.144895833333333,41.56
19149,0.0,0.0,0.0,0.0
19150,164.375,215.75,10.69625,31.59
19151,199.975,1702.6166666666668,7.375375,18.68
19155,182.34333333333333,3305.2,8.105533333333334,18.65
19158,202.03333333333333,1787.875,8.482833333333334,20.08
19159,155.6,1278.65,10.053,22.34
19162,163.76190476190476,1242.9166666666665,6.944761904761904,20.88
19163,141.0277777777778,728.5833333333334,9.922083333333333,48.96
19164,214.70833333333334,1212.6416666666669,12.362666666666666,31.31
19165,181.30555555555554,1984.654761904762,9.334444444444445,20.05
19166,198.70833333333334,876.2083333333333,9.147916666666667,43.55
19169,193.85416666666666,2302.756944444445,7.4440277777777775,18.45
19170,203.90625,621.4375,8.649375,51.44
19177,161.79166666666666,269.625,6.452916666666667,29.16
19178,173.1,1029.0166666666667,9.042,34.51
19180,162.75694444444446,1185.1458333333333,5.475416666666667,21.99
19181,114.0,1251.0,3.40625,13.82
19182,205.70138888888889,1865.9652777777776,8.94076388888889,20.8
19184,269.75,723.5833333333334,9.445,55.09
19186,184.95833333333334,2037.111111111111,10.332638888888889,21.4
19189,199.08333333333331,637.7083333333333,8.374880952380952,51.69
19190,181.52380952380955,608.8214285714286,7.165952380952381,47.95
19192,206.48809523809524,253.96428571428572,7.213571428571428,31.51
19194,203.29166666666666,1435.7986111111113,8.502777777777778,20.17
19197,202.7,438.4166666666667,5.757333333333333,38.83
19198,168.19444444444443,1113.2833333333333,8.205222222222222,29.07
19201,247.39583333333331,277.375,7.791979166666666,35.41
19203,168.58333333333334,5034.270833333333,6.283229166666667,15.82
19204,249.125,670.85,9.128,56.32
19205,205.0666666666667,392.5,6.730166666666666,37.8
19207,169.42857142857142,256.82142857142856,8.966785714285715,31.86
19209,140.34722222222223,1275.875,7.67923611111111,18.92
19214,225.0,2181.2,5.786,18.06
19215,187.125,407.75,4.585,35.14
19216,220.42857142857142,274.82142857142856,10.065357142857142,36.6
19217,145.75,2458.8,7.169,15.72
19224,275.64814814814815,1495.9074074074074,9.026111111111112,24.4
19226,164.03125,1829.0833333333333,6.349166666666667,15.67
19230,225.54166666666666,1916.3333333333333,7.870833333333334,20.54
19234,180.27777777777777,2005.611111111111,11.328055555555556,22.34
19236,128.94791666666666,343.7916666666667,6.0459375,30.75
19252,227.81481481481484,484.75,8.062592592592592,45.11
19256,214.85185185185185,1466.111111111111,9.335925925925928,21.73
19270,136.94166666666666,1079.7,6.509,27.19
19271,143.8095238095238,1142.095238095238,5.316130952380952,23.01
19272,168.83333333333334,203.5,13.291666666666666,34.25
19275,269.8666666666667,356.6333333333333,11.831166666666666,45.24
19278,157.63888888888889,5098.101851851851,4.916851851851852,13.67
19280,171.9375,3083.390625,7.607083333333334,17.55
19284,232.5,2845.5,7.731875,20.72
19286,190.36507936507937,3121.3492063492063,7.786785714285715,18.68
19291,189.9242424242424,2615.825757575758,8.546969696969697,19.55
19297,253.1,240.35,10.1775,36.65
19305,198.85416666666669,1031.7291666666665,7.415208333333333,33.75
19306,170.46428571428572,281.23809523809524,7.569523809523809,31.49
19308,230.76041666666666,827.0729166666666,8.893645833333334,47.31
19311,174.77380952380955,2028.7083333333335,8.534821428571428,18.78
19312,231.16666666666669,325.84375,11.161354166666667,40.98
19313,227.64285714285714,1247.8095238095239,6.727936507936508,23.57
19316,234.78571428571428,1873.9523809523812,6.736309523809524,19.66
19317,257.7430555555556,363.2986111111111,10.938749999999999,43.92
19319,198.94607843137257,2208.2598039215686,7.476666666666667,18.74
19320,211.43055555555554,2152.8194444444443,8.570416666666667,20.65
19321,207.77083333333334,2525.09375,5.858645833333333,17.28
19322,156.43589743589743,993.7564102564102,7.846858974358974,34.03
19325,238.96428571428572,2019.5,9.002261904761905,22.54
19326,209.41071428571428,1905.452380952381,8.638988095238094,20.63
19329,161.57142857142858,591.8035714285714,5.988214285714285,44.71
19333,200.62222222222223,1182.1666666666667,7.187722222222222,26.05
19336,173.93333333333334,2182.5333333333333,9.824333333333332,20.25
19337,243.83333333333334,327.7916666666667,9.858749999999999,40.18
19342,166.52380952380955,3677.1071428571427,5.479761904761905,14.77
19349,204.5,131.8125,3.194375,20.57
19351,184.5,347.2,9.860833333333334,38.19
19352,236.47222222222223,2039.4944444444445,11.724055555555557,25.62
19355,212.33333333333334,1798.9583333333333,4.209583333333334,15.57
19356,277.3690476190476,175.04761904761904,6.08952380952381,29.78
19359,238.58333333333331,3446.1785714285716,6.394642857142857,19.45
19360,249.0625,281.75,14.485624999999999,43.58
19361,200.0,2783.5625,9.633125,21.33
19362,167.58333333333334,1536.5,5.753888888888889,15.15
19363,228.11111111111111,1349.75,9.316944444444443,22.37
19367,221.575,2507.7583333333337,9.045166666666667,21.72
19368,224.79861111111111,1072.1180555555557,10.332847222222222,36.46
19372,217.25694444444446,1868.8680555555557,7.189166666666666,19.32
19374,186.35714285714286,403.5,8.317857142857143,39.28
19376,167.08333333333331,587.4333333333333,10.064833333333334,49.57
19377,192.6,2147.85,7.024500000000001,17.89
19380,224.60416666666666,3510.75,9.34625,22.23
19381,260.9861111111111,2472.111111111111,5.998888888888889,20.11
19393,237.625,4538.9,10.24925,23.94
19395,224.25,1378.0,10.0575,23.04
19397,227.609375,1365.796875,8.695364583333333,21.61
19400,307.25,279.6458333333333,4.352083333333333,34.46
19401,261.1470588235294,927.8725490196077,10.329754901960783,45.48
19402,238.28703703703707,1697.0833333333333,9.586666666666666,23.19
19405,222.875,424.21875,8.998125,42.94
19409,200.17105263157896,1584.3552631578948,8.419473684210526,19.91
19412,197.8030303030303,1528.5833333333335,9.345833333333333,20.89
19413,193.30769230769232,1271.4615384615386,6.856410256410256,20.83
19414,187.48333333333332,222.81666666666666,8.385333333333334,30.38
19415,224.25,338.0625,9.843125,39.7
19419,285.5416666666667,1913.25,8.882916666666667,24.73
19421,202.08333333333334,6754.5,9.755833333333333,21.58
19423,281.66666666666663,221.95,3.3659999999999997,29.14
19424,243.85,112.85,7.992,27.24
19425,248.5,415.92857142857144,9.475357142857144,44.37
19427,251.53125,203.02083333333334,8.262083333333333,32.45
19428,180.60714285714286,3979.5714285714284,11.2875,22.31
19429,205.68055555555554,1193.0416666666667,9.022291666666666,27.91
19431,260.3125,5491.75,4.384375,18.17
19432,209.1153846153846,324.09615384615387,8.702307692307691,36.9
19436,248.66666666666666,397.70512820512823,9.672435897435896,43.7
19437,272.91666666666663,1215.5961538461538,8.973076923076924,30.09
19439,266.34375,1686.625,12.1228125,27.58
19440,141.26666666666665,302.1166666666667,4.715333333333334,27.72
19442,187.85,5138.8,2.6161666666666665,12.47
19444,203.41666666666666,4998.5,3.8491666666666666,14.7
19445,286.77083333333337,171.6875,3.2910416666666666,26.79
19470,118.75,145.0,7.784999999999999,22.35
19471,245.35,309.08333333333337,8.5175,37.74
19472,205.66666666666666,4815.666666666667,4.5275,15.61
19480,230.34375,418.0,12.806458333333333,47.48
19482,222.48958333333334,1934.3333333333333,10.200625,23.13
19487,128.83333333333334,4704.916666666667,8.694166666666668,16.67
19491,197.7152777777778,506.5555555555556,11.850173611111112,49.15
19492,205.7549019607843,2015.5539215686274,8.645833333333332,20.46
19493,234.64814814814815,404.7037037037037,11.026574074074073,44.94
19496,214.53240740740742,797.0,8.885509259259258,48.0
19497,260.3181818181818,500.1136363636364,13.649545454545455,54.08
19498,220.20833333333334,1174.265625,8.1271875,28.53
19499,237.23809523809524,2138.559523809524,5.895476190476191,18.8
19504,186.29166666666669,1529.6130952380954,6.010952380952381,16.39
19507,174.29901960784315,1565.7941176470588,8.79720588235294,19.06
19511,183.68333333333334,2231.1083333333336,7.73575,18.29
19513,200.36458333333331,3476.0625,4.306979166666666,15.09
19515,230.05555555555554,1337.6041666666667,8.535277777777777,21.54
19516,233.22222222222226,1893.2222222222224,4.834444444444444,17.35
19517,282.07142857142856,3729.8571428571427,11.006309523809524,27.05
19518,244.3611111111111,964.1111111111112,5.72,37.41
19520,170.02777777777777,3449.444444444445,4.3879166666666665,13.66
19521,172.68518518518516,1722.6851851851852,7.343981481481482,17.27
19522,260.2916666666667,2362.0,9.280555555555557,23.93
19523,158.68055555555557,2801.4375,7.494548611111111,16.75
19525,158.29166666666666,814.3333333333333,10.816666666666666,46.59
19527,294.75,4971.95,4.4215,19.94
19530,269.5555555555556,2503.1666666666665,4.054583333333333,18.25
19531,195.95833333333334,63.3125,2.939791666666667,16.42
19533,159.5,373.3939393939394,7.986893939393938,36.04
19534,215.94444444444443,725.8333333333334,9.181805555555556,51.97
19535,230.08333333333334,4987.988095238096,7.070238095238095,19.82
19548,178.125,4402.428571428572,6.728988095238095,16.82
19549,218.975,608.2277777777778,10.928805555555556,54.22
19550,183.83333333333334,1355.6041666666667,8.291458333333333,18.95
19553,178.73333333333332,3168.3416666666662,7.922666666666667,18.26
19555,236.59375,341.84375,9.630625,40.25
19556,168.76666666666668,288.8083333333333,4.087916666666667,27.69
19557,256.4318181818182,356.8181818181818,8.23840909090909,40.35
19564,184.29513888888889,599.6875,7.589201388888889,48.13
19566,123.425,3168.1416666666664,5.64075,12.81
19568,222.12121212121212,2117.3863636363635,10.136969696969697,23.03
19569,206.60119047619045,2510.375,9.656488095238094,21.69
19572,166.85,282.6,6.6305000000000005,30.27
19573,245.89285714285714,2143.5,8.695357142857143,22.52
19574,277.80833333333334,2674.616666666667,10.064083333333333,25.73
19577,177.6547619047619,303.36904761904765,7.256726190476191,32.59
19580,208.22619047619045,2247.8690476190477,10.766547619047618,23.08
19581,184.08333333333334,436.3888888888889,9.62638888888889,42.35
19583,200.81666666666666,298.71666666666664,9.31075,35.93
19585,195.71428571428572,3236.714285714286,9.508214285714287,20.97
19586,179.9625,293.425,10.257124999999998,35.74
19590,150.25,5090.375,11.626249999999999,21.19
19594,187.9607843137255,2380.343137254902,8.175882352941176,19.02
19598,203.25,3542.75,8.222083333333332,19.84
19613,337.75,3570.5,4.11,21.72
19619,192.44444444444446,419.8333333333333,9.611944444444445,41.92
19622,242.0,3446.916666666667,7.705416666666667,21.17
19627,158.39583333333334,97.10416666666667,7.569166666666667,21.68
19629,175.83333333333334,42.416666666666664,0.2975,11.26
19630,250.58333333333334,4519.388888888889,6.501388888888889,20.18
19631,188.08333333333334,4227.814814814815,8.75111111111111,19.7
19634,246.75,400.125,10.272916666666667,44.43
19639,0.0,0.0,0.0,0.0
19641,297.0,185.625,6.2631250000000005,31.5
19645,166.625,334.6770833333333,6.902708333333333,33.19
19650,209.08333333333331,6898.166666666667,15.977083333333333,29.25
19662,193.2355072463768,2141.8188405797105,6.9024637681159415,17.78
19667,155.7156862745098,1030.9607843137255,7.196715686274509,31.37
19669,202.66666666666669,61.083333333333336,0.0,13.19
19670,203.03571428571428,2088.714285714286,7.1882142857142854,18.61
19671,87.875,189.625,4.6812499999999995,19.38
19672,145.58333333333334,2154.4583333333335,6.277916666666666,14.66
19674,216.45833333333334,539.1916666666667,10.907333333333332,50.61
19675,152.63636363636363,771.4015151515151,8.623560606060606,45.87
19676,296.6,4458.0,6.790000000000001,22.82
19679,269.0729166666667,330.8958333333333,9.538854166666667,41.22
19680,257.4583333333333,322.1041666666667,11.289375,42.26
19681,198.81944444444446,4071.319444444444,7.892916666666667,19.23
19683,159.53787878787878,432.75757575757575,6.218409090909091,36.93
19686,191.63636363636363,1347.9242424242425,5.724166666666666,16.32
19688,207.225,1388.175,12.02375,24.51
19689,228.5625,2620.8125,4.866874999999999,17.15
19691,141.25,120.5,0.8925,14.14
19694,131.11666666666667,2873.9666666666667,3.3791666666666664,10.53
19698,237.21666666666664,2828.3,9.708499999999999,23.28
19699,202.625,418.9583333333333,7.3425,39.72
19703,198.875,4680.46875,6.541979166666667,17.64
19704,171.3402777777778,343.40277777777777,8.448263888888889,35.68
19706,225.46666666666664,213.51666666666665,8.018833333333333,31.38
19708,224.375,361.0,7.9525,38.62
19709,178.66666666666669,1214.5083333333334,9.902583333333334,26.52
19712,118.0,2118.05,5.7700000000000005,12.69
19715,143.5,4683.5,10.69138888888889,19.75
19716,262.0625,175.375,5.22,28.01
19717,215.9,1269.775,6.4405,21.55
19718,168.56666666666666,2570.55,4.710500000000001,13.97
19723,239.55,497.35,8.934999999999999,47.36
19732,183.86111111111111,3605.277777777778,6.080277777777778,16.35
19734,179.79861111111111,194.58333333333334,7.538541666666667,27.59
19735,206.22916666666666,104.47395833333333,3.1278125,19.21
19736,205.80833333333334,2527.866666666667,8.718583333333333,20.55
19739,287.7083333333333,374.9375,9.9646875,44.86
19741,173.3402777777778,93.34027777777777,3.4094444444444445,17.35
19746,183.95833333333334,4681.86111111111,4.696666666666666,14.72
19752,222.25,267.5625,6.4246875,32.05
19758,185.46875,302.0625,11.02625,37.35
19761,164.70238095238093,3732.5,9.600833333333332,19.53
19762,195.5,250.3888888888889,7.118888888888889,30.67
19763,261.26666666666665,2763.05,6.1485,20.3
19764,197.27083333333334,226.4097222222222,6.3090972222222215,28.61
19768,184.1875,2083.722222222222,6.452777777777778,16.8
19770,233.21875,232.28125,6.608750000000001,31.05
19772,315.63888888888886,451.97222222222223,13.153055555555556,53.85
19773,204.81666666666666,2054.075,3.10125,13.89
19779,315.07142857142856,2059.1190476190477,6.870952380952381,23.84
19783,169.93229166666666,2075.875,8.74359375,18.78
19785,187.30263157894737,1196.9298245614036,9.021271929824561,26.8
19788,242.87745098039218,965.9068627450981,7.517450980392157,39.36
19790,275.3125,2575.7708333333335,3.931458333333333,18.39
19792,145.75,394.125,2.1262499999999998,29.5
19793,221.01666666666665,186.825,8.177333333333333,30.01
19796,183.57638888888889,1993.8541666666667,4.6159027777777775,14.61
19797,215.17307692307693,1084.076923076923,7.0225,31.48
19799,251.42708333333331,331.7083333333333,11.367083333333333,42.53
19800,227.9517543859649,176.2938596491228,6.599736842105263,27.98
19801,260.0833333333333,357.9166666666667,10.868333333333334,43.69
19803,192.38888888888889,552.0833333333334,5.603055555555556,43.82
19804,238.5,2701.138888888889,5.353055555555556,18.22
19805,119.82142857142857,1511.547619047619,6.207738095238095,13.29
19807,176.72727272727272,348.45454545454544,9.236363636363636,37.13
19809,188.11666666666665,413.9833333333333,5.441333333333334,36.51
19813,196.0625,199.5625,7.089375,28.12
19817,0.0,0.0,0.0,0.0
19818,196.99074074074076,142.73148148148147,6.282592592592592,24.38
19820,218.37083333333334,2036.7291666666667,8.311208333333333,20.7
19823,229.38194444444446,1983.1840277777776,8.932430555555555,21.98
19827,155.375,5204.25,6.89625,15.88
19830,209.5448717948718,1946.4487179487182,9.349166666666665,21.48
19832,229.4375,700.6458333333333,15.890625,61.8
19833,156.05,330.675,9.281,35.26
19834,171.11111111111111,178.13888888888889,6.7725,25.43
19837,233.41666666666666,2501.75,6.654444444444444,19.5
19839,182.67857142857142,219.19642857142858,8.26732142857143,29.82
19842,332.1666666666667,316.8333333333333,10.45125,44.75
19843,292.25,164.5,9.19,33.65
19847,171.30555555555554,1325.111111111111,8.56611111111111,19.05
19850,180.45,227.85,6.4365000000000006,27.99
19851,205.66666666666666,1848.5416666666667,8.386666666666667,20.15
19852,169.92857142857142,1922.297619047619,7.38,17.18
19854,191.925,243.975,7.1762500000000005,30.24
19860,136.875,257.125,9.655,31.06
19865,189.54545454545453,2255.2651515151515,6.155037878787879,16.72
19870,178.08333333333334,1922.4222222222224,6.7972777777777775,16.9
19873,235.16666666666666,593.7777777777777,8.658055555555556,51.63
19874,199.875,419.5625,7.3218749999999995,39.59
19877,200.84375,236.63541666666666,11.0703125,34.9
19887,336.9,174.85,6.628,33.39
19888,233.65625,1704.4375,7.865729166666666,20.94
19890,186.53571428571428,1690.25,5.491071428571429,15.79
19891,201.61904761904762,215.13095238095238,7.453690476190475,29.61
19892,215.08333333333334,317.5,10.819722222222222,39.36
19895,280.3333333333333,239.45833333333334,6.338125,33.45
19899,246.625,1608.46875,7.715625,21.41
19900,228.54761904761904,3943.1190476190473,6.6033333333333335,19.2
19901,206.48611111111111,273.29861111111114,9.334305555555556,34.97
19904,159.44047619047618,1689.547619047619,4.55702380952381,13.33
19915,235.7685185185185,825.212962962963,9.614722222222222,48.51
19916,181.20833333333334,1875.7083333333333,6.831666666666667,17.1
19917,187.025,1198.75,9.6955,27.49
19926,229.32222222222222,3568.0222222222224,9.921944444444444,23.14
19930,211.46428571428572,500.1547619047619,8.490119047619048,45.57
19932,252.7,4284.15,6.8955,20.75
19934,225.66666666666666,2019.6666666666667,12.304583333333333,25.76
19936,244.27777777777774,5664.25,12.515555555555556,26.94
19938,159.89444444444445,962.9277777777777,7.328111111111111,35.14
19939,177.890625,895.203125,6.22796875,38.13
19941,185.19230769230768,291.72435897435895,9.288910256410256,34.77
19944,191.29166666666666,316.9583333333333,8.709999999999999,35.66
19948,216.82222222222222,638.1666666666666,8.83761111111111,53.15
19950,199.375,422.8125,8.0525,40.58
19951,202.25,2837.75,8.6495,20.29
19954,182.69444444444446,267.02777777777777,9.615347222222221,33.8
19956,233.63095238095238,344.2738095238095,10.301428571428572,41.01
19958,193.29166666666666,265.0,8.553333333333333,32.98
19961,177.83333333333334,2563.75,10.508888888888889,21.26
19964,262.9362745098039,251.79901960784312,6.609264705882353,33.51
19965,187.97916666666666,71.0,0.10625,13.07
19969,199.14583333333331,4306.239583333333,7.670416666666666,18.98
19972,297.39285714285717,203.14285714285714,8.359285714285715,34.86
19973,211.32051282051282,3697.2179487179487,8.247692307692308,20.27
19975,217.4333333333333,246.25,6.178416666666666,30.45
19976,214.0,170.25,5.548333333333333,25.74
19978,199.63333333333333,2058.579166666667,10.72675,22.6
19979,185.10256410256412,1840.5833333333333,11.522243589743589,22.81
19980,331.70833333333337,6974.333333333333,8.892499999999998,27.05
19981,200.49358974358972,1870.826923076923,4.720192307692307,15.58
19983,359.0208333333333,3473.8958333333335,6.052708333333333,25.07
19986,252.10714285714286,3033.8214285714284,6.332857142857143,20.06
19995,205.7619047619048,3371.1309523809527,4.270714285714286,15.31
19999,198.95833333333334,153.625,5.69125,24.32
20008,234.82142857142858,2032.357142857143,9.139642857142857,22.49
20010,155.90625,2153.7760416666665,6.613229166666667,15.58
20013,202.125,2335.625,6.032638888888889,17.2
20015,306.4375,5628.375,8.4275,25.24
20016,202.33333333333334,368.5,10.348333333333334,40.72
20017,198.55,2097.95,6.2219999999999995,17.25
20023,292.2083333333333,2440.222222222222,5.900138888888889,21.55
20025,182.8846153846154,4581.038461538462,8.824038461538462,19.53
20026,239.7261904761905,294.98809523809524,7.1207142857142856,35.11
20031,247.75,31.75,1.235,15.43
20035,271.2314814814815,2187.3333333333335,4.256851851851852,18.57
20043,197.38888888888889,83.47222222222223,4.89787037037037,19.81
20044,292.8854166666667,459.78125,11.319479166666667,50.95
20046,258.64285714285717,1834.1309523809523,9.213809523809525,23.77
20047,248.35,268.65,7.9365,35.19
20048,281.15476190476187,2136.6785714285716,7.888928571428571,23.34
20054,196.3125,233.6875,8.338125,31.31
20055,193.03333333333333,232.93333333333334,9.366833333333332,32.32
20061,218.625,124.83333333333333,6.4174999999999995,24.72
20062,262.2407407407407,119.13888888888889,2.848240740740741,22.42
20063,260.65476190476187,79.32142857142857,4.664285714285714,22.49
20066,196.40277777777774,4281.388888888889,6.299166666666667,17.23
20069,163.57142857142858,1785.4285714285713,9.428214285714287,19.27
20073,146.375,3369.5625,9.34375,18.31
20075,194.265625,1886.7604166666665,8.51171875,19.73
20077,199.39285714285714,1580.7142857142858,8.255714285714285,19.68
20081,231.1590909090909,2297.189393939394,8.721363636363636,21.82
20086,204.51666666666668,1164.6555555555556,8.670277777777779,28.86
20089,242.15625,4121.25,5.63125,18.73
20091,218.9507575757576,1027.9545454545455,8.569734848484849,36.3
20093,230.5,1577.642857142857,9.804642857142856,23.06
20096,254.5238095238095,1644.4761904761906,9.588452380952381,24.01
20098,228.11458333333331,4256.572916666667,7.514166666666666,20.25
20107,274.75,1740.25,8.501071428571429,23.74
20109,236.14285714285714,1992.5357142857142,8.93,22.31
20111,233.55208333333334,253.82291666666669,4.587916666666667,29.77
20112,134.35,381.8,7.668166666666667,34.83
20113,212.0,166.25,7.565357142857144,27.81
20114,104.0,0.0,0.0,5.2
20117,210.11805555555554,396.6388888888889,8.543055555555556,40.39
20121,218.19444444444446,54.15277777777778,3.4445138888888884,17.67
20125,174.375,228.225,7.981,29.52
20127,189.0,3048.8571428571427,2.9664285714285716,12.94
20136,500.0,143.0,7.14,40.55
20146,191.8125,278.0416666666667,8.97625,34.05
20147,211.85416666666669,3454.6041666666665,5.774583333333333,17.39
20148,141.66666666666666,14.166666666666668,0.7616666666666667,8.69
20150,234.5,3582.8541666666665,5.054791666666667,17.67
20151,204.3125,442.5625,12.67375,47.25
20154,171.65384615384616,1168.371794871795,4.421923076923077,22.03
20155,220.81944444444446,1285.875,9.702013888888889,24.83
20156,176.31944444444446,127.52777777777777,2.967916666666667,18.68
20158,247.07142857142858,213.53571428571428,9.991785714285713,34.79
20160,183.125,2247.625,9.73775,20.61
20161,253.53030303030303,1377.9772727272727,5.809621212121212,19.51
20162,194.71428571428572,4403.821428571428,5.819285714285714,16.58
20164,201.46428571428572,4681.75,5.033214285714286,15.99
20167,190.97222222222223,2572.3611111111113,7.586944444444445,18.47
20170,500.0,143.0,7.14,40.55
20171,155.625,267.375,7.1674999999999995,29.58
20172,379.3,2097.75,8.115,28.51
20173,272.32291666666663,1338.3125,8.868958333333333,24.05
20174,191.28703703703707,2386.9074074074074,6.501203703703704,17.21
20175,152.42857142857142,175.32142857142858,6.390714285714286,23.91
20176,277.59375,66.80208333333334,8.379999999999999,27.08
20181,256.95,283.6,13.91,43.39
20183,275.3125,1768.78125,4.1440625,18.64
20186,216.3148148148148,464.0648148148148,8.941018518518518,44.54
20188,244.75,67.41666666666667,6.405833333333334,23.14
20190,176.54166666666666,5440.75,7.3429166666666665,17.47
20195,184.60714285714286,111.78571428571429,7.041071428571428,23.1
20197,169.91666666666666,1729.6666666666667,10.016666666666666,20.28
20202,199.82291666666666,467.5,12.905416666666667,48.55
20205,184.86111111111111,2221.1111111111113,9.017685185185185,19.85
20206,176.60714285714286,175.75,8.888214285714286,28.07
20207,135.3125,1026.5,6.480624999999999,29.73
20209,195.41666666666666,356.5,10.055833333333334,39.43
20213,222.46354166666666,3467.8854166666665,6.263802083333333,18.49
20214,210.07692307692307,2604.416666666667,7.931089743589743,19.83
20215,228.1527777777778,4993.51388888889,7.004166666666666,19.65
20218,217.19871794871796,3231.019230769231,9.904871794871793,22.51
20220,253.375,1903.5277777777776,7.6631944444444455,21.68
20224,220.8030303030303,2630.94696969697,9.326060606060606,22.01
20226,160.79761904761904,2083.035714285714,10.282857142857143,20.14
20228,245.1583333333333,345.975,9.186833333333334,40.36
20230,0.0,0.0,0.0,0.0
20232,169.30555555555554,2387.2037037037035,4.4316666666666675,13.68
20235,179.16666666666666,1284.7291666666667,8.19236111111111,21.03
20237,217.71296296296296,338.4907407407407,9.5125,39.0
20238,282.65,945.65,10.8905,46.33
20239,228.14285714285714,1674.2857142857142,7.7664285714285715,20.54
20240,236.2,651.75,10.977999999999998,57.31
20241,216.0,172.25,5.4384999999999994,25.81
20242,267.0,600.4642857142857,10.956428571428571,56.26
20247,283.4375,542.4375,13.258125,56.89
20249,182.89285714285714,391.92857142857144,8.367142857142856,38.58
20251,244.29166666666666,693.4027777777777,8.165694444444446,53.82
20254,219.64285714285714,279.64285714285717,9.772380952380953,36.46
20255,203.5,303.0833333333333,9.616388888888888,36.64
20256,224.0625,490.375,12.491875,50.42
20259,283.18333333333334,2114.4333333333334,4.392833333333334,19.33
20261,287.125,298.625,4.925,35.08
20262,234.15625,1439.96875,8.7778125,22.03
20264,248.28571428571428,274.0238095238095,12.596547619047618,40.93
20268,197.375,261.28125,8.8396875,33.33
20270,185.6527777777778,2481.5416666666665,7.420555555555555,18.01
20272,169.75,267.0,5.01,27.73
20274,249.15,3879.6583333333338,5.39075,18.8
20275,190.36309523809524,370.4702380952381,8.531190476190476,38.08
20276,180.0128205128205,1362.3076923076924,7.9929487179487175,18.4
20277,213.39880952380955,1150.857142857143,8.34375,29.61
20286,172.52083333333334,1003.0833333333333,13.115,40.57
20293,159.63636363636363,1440.939393939394,8.383636363636363,17.84
20295,177.28030303030303,1249.5151515151515,9.92878787878788,24.74
20299,159.1,1752.8416666666667,10.06225,19.79
20300,166.80555555555554,534.6111111111111,3.795833333333333,39.54
20304,145.4375,741.84375,5.195625,42.96
20305,184.16666666666666,820.8452380952382,8.64690476190476,45.01
20307,102.84722222222223,7204.416666666667,3.1466666666666665,8.84
20310,166.9351851851852,1789.2037037037037,5.432777777777777,14.74
20311,272.66666666666663,2854.4,11.479833333333334,27.14
20315,196.47222222222226,4677.888888888889,4.6925,15.34
20316,168.87121212121212,863.5,8.221742424242423,41.61
20320,214.140625,2077.7135416666665,9.856354166666666,22.3
20322,161.34375,914.2395833333334,5.9034375,35.97
20323,172.27777777777777,2492.7962962962965,5.365277777777777,14.93
20324,245.43055555555554,806.3472222222222,14.13125,55.25
20325,155.58854166666666,678.3333333333334,9.16640625,51.31
20326,211.71,1102.86,7.6197,31.07
20328,183.12745098039215,1154.5196078431372,7.497990196078431,26.92
20330,144.65625,2964.0729166666665,5.272291666666667,13.44
20331,184.16666666666666,1884.9583333333333,8.289166666666667,18.96
20338,213.42592592592592,2737.222222222222,7.626296296296297,19.64
20347,179.82738095238096,1254.6964285714287,8.031309523809524,22.37
20354,208.49305555555554,1834.878472222222,9.139513888888889,21.18
20358,190.33333333333334,1179.0,7.893125,26.52
20362,108.63095238095238,4947.214285714285,2.849285714285714,8.78
20364,265.49242424242425,1327.909090909091,8.30060606060606,23.31
20365,216.66666666666666,178.58333333333334,4.454999999999999,25.0
20366,248.2777777777778,2285.034722222222,10.04625,24.23
20374,239.7348484848485,1138.9545454545455,8.531666666666666,31.74
20375,237.29166666666666,5220.625,8.0925,21.39
20376,145.06666666666666,2827.666666666667,1.0493333333333335,8.49
20378,96.75,9928.25,3.3325,8.76
20379,210.3472222222222,226.66666666666666,7.033333333333334,30.13
20383,252.72619047619045,1698.9285714285713,7.176309523809524,21.08
20385,225.8,312.3,8.8565,37.32
20386,267.95,2167.0,5.7045,20.11
20388,203.63333333333333,430.8,9.622,43.04
20392,159.58333333333334,1818.25,6.875,16.07
20393,178.7,310.45,10.13575,36.38
20396,375.75,305.0,9.125,44.77
20403,215.2166666666667,446.9,13.458000000000002,48.94
20405,216.5,552.4166666666666,12.530000000000001,53.19
20406,189.24166666666665,237.03333333333336,8.683166666666667,31.53
20407,163.6875,5113.8125,8.551874999999999,18.25
20408,259.4444444444444,748.4444444444445,15.718333333333334,60.71
20409,231.08333333333334,6740.166666666667,8.843333333333334,21.96
20410,201.50641025641028,1718.5641025641025,8.815705128205128,20.45
20412,248.07142857142858,2098.464285714286,8.577142857142857,22.49
20413,254.19047619047618,304.6547619047619,8.382261904761904,37.8
20415,230.79545454545453,223.50757575757578,7.695984848484849,31.77
20417,227.72619047619045,2135.1071428571427,9.737499999999999,22.84
20418,233.5,233.3,7.522666666666666,32.19
20423,217.21428571428572,3442.6428571428573,7.111190476190477,19.23
20431,152.21969696969697,1448.909090909091,6.531893939393939,15.3
20432,196.30128205128204,1234.0705128205127,7.12724358974359,23.16
20433,156.2738095238095,339.17857142857144,5.44297619047619,31.18
20435,325.5833333333333,335.4333333333333,8.619666666666667,43.19
20437,257.4,2532.65,8.074,22.37
20439,190.5,3932.2916666666665,8.295833333333333,19.28
20444,220.11111111111111,586.9722222222223,13.770138888888889,56.55
20445,216.38095238095235,2400.083333333333,10.713095238095237,23.42
20446,0.0,0.0,0.0,0.0
20447,279.1875,557.5,13.720625,57.98
20448,273.5,247.25,4.8175,31.71
20450,184.5,599.0,3.9725,43.85
20452,196.3,298.8,10.3735,36.96
20457,201.4722222222222,2467.7083333333335,8.795,20.42
20460,203.9090909090909,3659.007575757576,7.191742424242424,18.66
20461,224.05,2121.95,8.923,21.7
20467,191.53333333333336,2839.583333333333,6.6530000000000005,17.4
20468,163.91666666666666,405.875,10.962083333333332,41.39
20469,206.64285714285714,343.7142857142857,10.868333333333334,40.3
20471,185.41666666666666,3492.5,5.60625,15.87
20472,148.85714285714286,3260.440476190476,5.1120238095238095,13.46
20475,204.2777777777778,6091.583333333333,6.1994444444444445,17.51
20476,227.21666666666664,154.35,11.3185,32.39
20480,297.31944444444446,2068.3333333333335,6.373333333333334,22.36
20481,236.33333333333334,5875.854166666666,6.007499999999999,18.88
20482,151.37037037037035,273.0462962962963,6.687222222222222,29.09
20483,294.2,249.0,6.836,35.2
20486,155.5,11840.0,3.3325,11.7
20487,303.0,214.5,8.036875,35.33
20488,180.875,2656.875,4.75625,14.64
20493,217.75,513.0833333333334,9.664583333333333,47.91
20496,130.9375,1349.5,8.403125,16.43
20498,237.875,2715.983333333333,9.205,22.72
20499,107.125,6318.375,7.17625,13.8
20501,298.125,5143.0,3.95375,19.56
20502,226.8125,3135.375,9.804375,22.88
20505,171.82291666666669,2815.0520833333335,5.545833333333333,15.12
20506,334.3666666666667,2862.233333333333,5.849833333333334,23.6
20507,235.9,4273.75,6.8469999999999995,19.85
20508,199.8125,3033.75,3.810625,14.47
20510,208.15,3724.075,7.4647499999999996,19.19
20511,222.96212121212122,213.88636363636363,11.27159090909091,35.1
20513,260.9,4108.75,6.2,20.34
20515,262.95,286.2,7.056,35.76
20516,270.57142857142856,1206.7142857142858,11.266785714285716,33.11
20518,231.83333333333331,3409.659090909091,10.995378787878789,24.53
20524,196.375,279.5625,11.778125,37.65
20525,141.13888888888889,210.98611111111111,8.211805555555555,27.27
20526,171.1875,2619.625,7.148125,16.97
20527,238.0,905.75,14.92375,50.84
20529,189.36111111111111,4087.305555555556,9.043472222222222,20.11
20531,247.0625,83.625,7.443125,25.29
20532,307.4166666666667,476.9166666666667,11.642499999999998,52.91
20535,232.28571428571428,1809.857142857143,7.1935714285714285,20.08
20538,212.85714285714286,1696.0,8.772499999999999,20.96
20539,208.38333333333335,197.1,8.0515,29.75
20541,308.2916666666667,2792.5416666666665,7.867916666666667,24.67
20543,143.0,306.33333333333337,10.139666666666667,34.4
20544,183.78125,1771.1145833333335,9.353125,20.19
20552,161.05555555555557,3379.0833333333335,4.038055555555555,12.8
20553,230.08333333333334,2561.5,4.769375,17.12
20554,196.24074074074073,2458.4907407407404,8.410833333333333,19.71
20555,243.25,302.75,13.25,42.89
20558,210.26666666666665,287.26666666666665,9.280333333333335,35.79
20559,293.125,426.0625,15.039375,53.65
20560,192.0625,147.5625,5.943125,23.97
20561,168.2222222222222,250.0138888888889,8.360694444444444,30.75
20562,258.6770833333333,2526.739583333333,11.178333333333335,26.08
20565,249.22916666666669,6036.25,5.607291666666667,19.06
20570,252.54761904761904,3802.5714285714284,7.3082142857142856,21.23
20571,201.70833333333334,460.15277777777777,9.5725,44.35
20575,262.2916666666667,640.9166666666666,8.489583333333334,55.15
20576,123.0,302.41666666666663,5.202083333333333,27.39
20577,185.41666666666666,1404.4907407407406,9.823148148148148,20.83
20578,328.5,288.1666666666667,9.404166666666667,41.9
20579,281.5,352.55,11.087,44.75
20580,272.9166666666667,4612.53125,7.348229166666667,22.29
20584,362.5,348.75,14.94875,53.15
20588,189.6217948717949,1332.724358974359,8.61923076923077,19.65
20589,207.75,295.25,13.8575,41.45
20590,242.70833333333334,266.0833333333333,10.447916666666666,37.73
20596,233.50694444444446,3420.2777777777774,8.709236111111112,21.92
20600,148.91666666666666,6737.166666666667,5.323333333333333,13.71
20601,40.666666666666664,13111.0,6.1933333333333325,9.32
20602,221.04166666666666,5255.541666666667,7.248333333333334,19.58
20603,215.64583333333331,1994.25,6.6575,18.61
20604,177.4537037037037,1677.4166666666667,6.609722222222222,16.65
20605,266.17857142857144,1641.107142857143,6.304642857142857,20.73
20608,205.08333333333334,1186.1944444444446,5.297777777777778,23.84
20609,137.88333333333333,5296.25,3.6334999999999993,11.17
20611,283.125,208.625,9.699375,36.0
20612,121.57291666666666,3348.40625,5.012395833333334,11.98
20613,223.94047619047618,2410.4404761904766,8.559285714285714,21.27
20614,220.7651515151515,309.52272727272725,10.146212121212121,38.45
20616,294.5833333333333,2807.616666666667,7.651666666666666,23.73
20617,209.1851851851852,3565.4166666666665,9.793425925925925,21.98
20620,179.875,3229.125,9.015,19.6
20621,301.25,186.16666666666666,3.2074999999999996,28.14
20626,232.75,9833.25,0.675,12.43
20627,254.05,2202.5,8.683,22.92
20629,289.2142857142857,3437.523809523809,7.05797619047619,22.76
20630,190.91666666666666,249.54166666666666,4.869166666666667,27.75
20632,259.21666666666664,2503.666666666667,5.489,19.42
20633,183.00925925925927,3427.1018518518517,7.387777777777777,17.84
20635,225.45,2189.55,8.858500000000001,21.69
20636,259.875,304.5625,12.073125,42.43
20637,272.4583333333333,2743.4479166666665,6.78,21.6
20639,199.10416666666666,282.5833333333333,8.263541666666667,33.81
20640,204.66666666666669,148.33333333333331,6.382666666666667,25.16
20642,195.43055555555554,449.6805555555556,9.734583333333333,43.71
20644,222.16666666666666,3515.4166666666665,10.565,23.54
20651,185.94444444444446,4014.194444444444,6.455416666666667,16.89
20652,163.2738095238095,3539.3333333333335,7.98202380952381,17.55
20656,110.91666666666667,612.8333333333334,9.104166666666666,46.9
20657,218.95833333333334,2131.0,9.647499999999999,22.3
20658,182.91666666666669,578.75,5.918333333333333,45.05
20659,110.25,161.5,4.41,18.78
20660,178.0,13271.166666666666,6.759166666666666,16.85
20662,245.25,333.25,15.305,46.93
20663,227.79761904761904,1993.8095238095236,4.443809523809523,16.62
20665,210.71428571428572,302.67857142857144,10.17607142857143,37.64
20666,244.5,304.5,13.565,43.41
20670,191.58333333333334,1668.7222222222222,8.898888888888889,20.05
20671,278.9861111111111,2631.125,13.344861111111113,29.65
20672,206.71428571428572,3242.214285714286,9.556785714285713,21.58
20673,191.97222222222223,1070.7777777777778,10.623055555555556,35.22
20674,285.1,2710.866666666667,6.059833333333333,21.38
20675,282.7083333333333,1902.40625,5.101145833333334,20.14
20678,187.51666666666668,3682.6166666666663,7.305750000000001,17.97
20679,178.33333333333334,546.6666666666666,13.233333333333334,51.82
20680,284.125,369.875,11.83625,46.63
20681,232.53030303030303,1423.0,9.131818181818183,22.37
20683,205.75925925925924,2724.5,7.069259259259259,18.6
20684,210.88095238095235,3470.880952380952,8.879999999999999,20.99
20686,220.60714285714286,215.60714285714286,12.497857142857143,36.51
20687,156.47727272727272,1028.4924242424242,6.433333333333334,30.63
20689,253.79761904761904,473.4047619047619,9.758333333333335,47.84
20696,285.75,635.25,16.42,65.37
20701,181.54166666666666,321.9833333333333,9.061916666666665,35.84
20704,238.0625,2664.0,8.789375,22.24
20706,228.41666666666666,315.8333333333333,7.0616666666666665,35.52
20712,130.66666666666666,177.91666666666666,6.584166666666667,23.18
20716,218.4404761904762,1757.452380952381,10.866190476190477,23.71
20720,183.30555555555554,262.43055555555554,6.277083333333334,29.67
20723,171.0,587.5833333333334,9.462916666666667,49.06
20725,233.7222222222222,1118.0555555555557,6.5055555555555555,30.1
20726,245.4,2210.55,6.8965000000000005,20.38
20729,277.1458333333333,2760.8541666666665,6.0875,21.02
20732,246.96428571428572,618.4047619047618,11.060833333333333,56.28
20737,102.125,5006.375,9.19,15.92
20738,177.56666666666666,6702.3,2.570333333333333,11.9
20740,239.81666666666666,293.625,7.998333333333333,36.08
20742,163.42857142857142,3564.6785714285716,5.964880952380952,15.19
20743,230.875,364.8125,13.8475,46.08
20745,286.5694444444444,1853.2083333333333,3.3491666666666666,18.27
20746,109.25,5127.875,12.39,20.04
20750,173.95833333333334,251.04166666666666,9.51625,32.45
20751,316.97222222222223,4569.722222222222,7.8675,25.1
20754,266.66666666666663,185.45833333333331,6.07625,29.75
20756,176.15625,170.03125,5.575625,23.87
20764,172.4871794871795,218.00641025641022,3.4328205128205127,23.56
20767,228.8888888888889,4508.083333333333,4.3,16.5
20769,200.1547619047619,287.7261904761905,7.884166666666666,33.67
20774,217.25,1582.892857142857,6.326428571428572,18.31
20775,229.51666666666665,2811.7,8.9435,22.0
20776,211.0,354.125,12.90875,43.44
20779,0.0,0.0,0.0,0.0
20781,299.625,82.75,2.59,22.17
20783,101.66666666666667,406.875,5.3575,31.73
20787,214.28571428571428,284.5357142857143,10.106071428571429,36.83
20790,213.25,2812.0,6.843125000000001,18.71
20792,215.5757575757576,3524.3939393939395,8.034393939393938,20.23
20793,147.41666666666669,1537.6833333333334,6.705583333333334,15.26
20795,245.5151515151515,1161.0151515151515,8.973030303030303,31.45
20798,189.5,3862.6666666666665,8.7475,19.77
20799,281.625,330.875,11.799999999999999,44.51
20800,198.2348484848485,1384.280303030303,5.796818181818182,16.73
20802,233.96428571428572,746.4285714285714,9.453928571428571,52.17
20804,263.5,617.0,13.9575,60.45
20806,172.5,4983.375,7.3,17.21
20808,269.0238095238095,2315.1666666666665,12.325833333333334,27.95
20811,213.58333333333334,1934.625,8.77875,21.01
20827,170.125,197.25,3.36125,22.32
20830,226.78703703703704,1380.0277777777778,9.150092592592593,22.1
20831,174.6875,6340.5,4.342499999999999,13.84
20832,278.25,365.0,16.765,51.89
20834,211.0,633.6875,8.49625,52.23
20844,223.54761904761907,2116.5714285714284,5.938690476190476,18.16
20845,244.61111111111111,338.1666666666667,8.903055555555556,39.61
20847,184.6388888888889,5723.277777777777,10.073333333333332,21.08
20849,379.33333333333337,6813.833333333333,5.493333333333333,25.43
20850,333.0,143.5,6.07,30.97
20851,219.83333333333334,2923.75,14.137708333333332,27.62
20853,134.83333333333334,6616.166666666667,6.656666666666667,14.57
20854,236.33333333333334,2261.5555555555557,5.656527777777778,18.47
20857,254.41666666666669,1466.5833333333333,7.809772727272727,21.91
20859,232.09375,1025.7135416666667,11.03015625,39.96
20865,291.34375,428.66666666666663,9.673229166666665,47.38
20868,268.8333333333333,191.58333333333334,7.006666666666667,31.26
20869,175.0079365079365,1158.7539682539684,8.024960317460316,26.92
20873,218.34166666666664,1654.95,8.42525,20.83
20874,178.375,5544.9375,6.55,16.62
20876,206.75,171.25,6.5075,26.56
20879,285.9166666666667,1673.25,8.999444444444444,24.88
20880,247.6875,1356.0625,4.095,17.2
20883,274.17857142857144,2635.3571428571427,7.6825,22.75
20886,226.44642857142858,2720.9464285714284,9.987678571428571,23.07
21007,161.0,132.5,3.26,18.51
21008,100.25,262.75,8.8675,28.58
21010,187.75,280.5694444444444,8.892777777777779,33.88
21011,236.83333333333334,2846.2,8.25,21.55
21667,291.75,295.0,8.8925,39.8
21823,184.5,262.5,10.07,34.2
21830,202.34313725490196,1644.186274509804,7.914607843137254,19.43
22015,253.0,452.9375,5.3975,41.65
22087,232.63333333333335,312.35,7.6345,36.23
22205,169.875,2309.5,10.501249999999999,20.85
22228,301.2857142857143,1750.4285714285713,13.471785714285714,30.91
22233,168.79166666666666,1572.2708333333333,9.578333333333333,19.71
22276,280.375,5493.4375,5.306875,20.26
22285,234.42307692307693,1291.044871794872,8.534679487179487,23.88
22287,165.38888888888889,327.125,9.746944444444445,36.09
22308,244.80555555555554,2691.875,8.5375,22.28
22324,207.5333333333333,173.5,5.655166666666666,25.7
22326,169.78333333333333,141.3,5.376166666666666,21.88
22535,239.89583333333334,512.25,13.601666666666667,53.61
22567,275.6458333333333,261.4583333333333,8.635416666666666,37.01
22645,125.75,9975.75,6.41,13.83
22648,197.0,325.5,10.145,38.06
22673,188.3,2114.325,7.94225,18.76
22705,243.25,36.75,7.645,22.99
22724,222.60256410256412,946.0,5.903589743589744,37.44
23454,164.7,175.85,7.563249999999999,25.93
23482,233.64583333333334,3291.739583333333,8.74,21.96
23545,280.1018518518519,1694.9629629629628,10.952499999999999,26.89
26426,230.9833333333333,401.05,8.781666666666666,41.93
26437,191.625,395.125,10.217500000000001,41.36
26453,295.23611111111114,169.51388888888889,4.656527777777778,28.72
26479,184.75,1494.4333333333334,8.992944444444445,19.82
26480,130.925,461.75,4.182166666666666,34.55
26485,166.25,887.0,8.942499999999999,41.15
26489,196.90625,1151.171875,9.9140625,30.62
26504,158.55092592592592,1271.4027777777778,5.436296296296296,17.42
26511,197.08333333333334,456.8148148148148,6.823611111111111,40.72
26517,177.50694444444446,3112.819444444445,7.0413194444444445,17.16
26522,172.56666666666666,1532.9583333333335,7.755916666666667,17.75
26523,214.41666666666666,275.80555555555554,9.979722222222222,36.25
26531,143.6547619047619,2373.738095238095,7.695535714285714,16.24
26535,162.25,156.98611111111111,8.952499999999999,26.49
26542,191.47916666666666,1875.875,8.205104166666667,19.23
26543,158.01041666666666,4488.447916666667,8.253020833333332,17.61
26546,212.1,175.2,8.035,28.82
26548,209.26041666666666,289.484375,8.712916666666667,35.19
26552,213.10714285714286,204.78571428571428,9.846428571428572,32.48
26553,212.9871794871795,1262.1602564102566,8.018461538461539,23.64
26558,251.8125,5576.75,8.141874999999999,22.17
26559,228.4814814814815,3584.5648148148152,10.635462962962963,23.94
26561,232.68452380952382,2556.25,8.928928571428571,22.14
26562,187.2051282051282,2348.2628205128203,9.37974358974359,20.4
26576,159.40530303030303,2446.4507575757575,8.473674242424241,17.94
26577,209.46428571428572,257.48809523809524,10.155357142857143,35.3
26587,218.0888888888889,1366.8,12.018,25.04
26589,153.72727272727272,1842.1742424242425,6.105909090909091,14.87
26590,232.54166666666666,50.479166666666664,4.081041666666667,18.95
26592,170.80701754385964,2095.4868421052633,7.85671052631579,17.78
26602,198.5043859649123,2256.1973684210525,7.147675438596491,18.33
26607,294.71875,1491.34375,9.304479166666667,25.68
26609,168.64814814814815,1694.8703703703702,9.986851851851851,20.18
26611,0.0,0.0,0.0,0.0
26622,107.5,3.5,0.8325,6.53
26624,138.08333333333334,1171.361111111111,7.74361111111111,24.11
26643,225.33333333333334,971.7833333333333,8.603277777777778,39.47
26648,232.60185185185185,1813.2129629629628,8.697777777777778,21.86
26659,229.81666666666666,3020.3,8.253,21.2
26670,200.92105263157896,1201.2324561403507,10.190921052631579,28.64
26674,166.33333333333334,0.0,0.21666666666666667,8.57
26678,128.25,0.0,0.0,6.41
26686,143.73809523809524,1969.892857142857,2.3408333333333333,9.94
26688,180.04166666666666,180.75,8.3575,27.87
26689,183.03174603174602,2186.8809523809523,6.849563492063492,17.21
26694,117.12962962962963,2710.1944444444443,7.135555555555555,14.25
26700,207.34166666666664,4696.05,10.505083333333333,22.73
26703,196.4722222222222,768.7222222222223,9.282222222222222,48.97
26710,144.875,4280.333333333333,5.571666666666666,13.8
26719,200.9611111111111,1330.2722222222221,11.577888888888888,23.82
26721,209.84523809523807,4828.285714285715,7.531428571428571,19.35
26729,201.67857142857142,2112.035714285714,9.57642857142857,21.35
26732,239.10185185185185,4274.787037037037,9.154537037037038,22.73
26745,254.58333333333334,681.0333333333334,15.093833333333333,63.1
26748,215.09722222222226,463.86111111111114,12.147083333333333,48.24
26749,232.82291666666669,322.3125,7.967083333333333,37.13
26750,247.89583333333334,3311.708333333333,9.465208333333333,23.53
26754,210.45,366.4,7.586499999999999,37.77
26755,178.06410256410257,2233.6474358974356,7.0593589743589735,17.21
26763,158.41666666666666,936.8333333333334,10.603333333333333,40.22
26773,207.30555555555554,426.4074074074074,8.716574074074074,41.94
26774,202.02380952380955,2175.964285714286,7.630238095238096,19.08
26793,168.11904761904762,4712.476190476191,7.400476190476191,17.11
26805,231.16666666666666,213.08333333333334,6.498333333333334,29.86
26808,179.4,556.45,5.962999999999999,43.81
26815,196.27564102564105,223.05128205128204,6.042371794871794,28.08
26831,256.5,268.0,13.39,41.98
26853,178.55555555555554,614.0277777777777,6.277916666666666,47.01
26855,131.75,389.2361111111111,5.5737499999999995,32.61
26863,192.03205128205127,1351.3237179487178,9.550544871794871,20.84
26880,205.32291666666669,421.1354166666667,10.0746875,43.18
26883,204.35714285714286,74.27380952380952,2.9154761904761908,17.36
26888,211.96875,596.71875,9.6959375,51.84
26905,206.19444444444446,220.1388888888889,5.715833333333333,28.04
26931,186.63095238095238,1282.9642857142858,10.794166666666667,24.55
26934,169.77083333333334,613.6805555555555,6.206875,46.47
26935,250.32142857142858,429.14285714285717,10.588214285714287,46.43
26950,331.96666666666664,281.1166666666667,8.018666666666666,40.09
26959,207.984375,1679.375,9.316197916666667,21.36
26960,208.9027777777778,1876.5277777777776,4.8559722222222215,16.16
26962,279.02777777777777,2500.6944444444443,8.531666666666666,23.99
26969,254.25,1125.9,10.646,35.61
26972,265.1666666666667,2927.5416666666665,8.017083333333334,22.69
26983,296.31666666666666,332.53333333333336,6.820666666666666,39.47
26984,216.1333333333333,4131.683333333333,8.875833333333333,21.25
26986,273.5595238095238,2592.1071428571427,10.998690476190477,26.62
27587,107.81666666666668,2102.5666666666666,5.9885,12.44
27817,172.475,336.55,7.815250000000001,34.65
27819,165.5681818181818,106.2878787878788,3.7390151515151517,17.99
27821,195.7222222222222,431.5,8.0625,40.85
27823,178.93589743589743,2109.410256410257,6.515641025641026,16.61
27826,239.2348484848485,315.96969696969694,8.056363636363637,37.24
27830,267.1,101.9,5.986166666666667,25.49
27831,259.9404761904762,157.38095238095238,5.561309523809524,27.41
27833,160.36309523809524,2056.458333333333,5.107916666666666,14.03
27838,240.55208333333331,1791.125,6.248854166666667,19.38
27844,191.55555555555554,1315.0555555555557,9.191944444444443,21.31
27845,116.5,1012.5,8.807500000000001,32.23
27848,122.33333333333333,13111.0,2.223333333333333,8.73
27858,176.02777777777777,752.1203703703703,5.804074074074074,44.69
27861,331.875,250.875,6.72375,37.05
27864,403.0,439.375,8.565000000000001,52.2
27869,195.75,313.25,8.105833333333333,34.99
27874,233.21666666666664,2462.8,7.461666666666668,20.44
27878,231.38690476190476,1969.220238095238,9.836369047619048,23.14
27881,192.8181818181818,355.79545454545456,7.41,36.15
27891,203.37777777777777,1270.6,8.913722222222223,23.79
27892,154.51388888888889,5155.069444444444,7.765694444444445,16.86
27894,204.52777777777777,1710.425925925926,7.020092592592593,18.49
27896,247.75,419.1666666666667,8.682708333333334,43.56
27899,255.54166666666666,4716.86111111111,4.351249999999999,17.9
27900,197.8472222222222,340.40277777777777,11.798749999999998,40.79
28486,259.97222222222223,3167.8611111111113,6.725277777777778,20.91
28487,260.1458333333333,271.7291666666667,6.911041666666667,34.72
28488,202.51666666666668,262.95,12.001333333333333,37.39
28489,265.25,394.5,8.36,42.82
28490,265.97222222222223,4622.222222222222,9.169166666666667,24.09
28492,241.2314814814815,1179.8333333333333,10.481944444444444,32.07
28493,231.64285714285714,3310.589285714286,9.163095238095238,22.36
28494,187.97222222222223,696.7222222222222,7.005,49.47
28497,75.5,1096.0,4.2625,20.66
28498,237.80555555555554,1657.9722222222224,7.559722222222223,20.78
28500,247.0,273.5,14.7275,43.35
28501,232.75,9851.0,5.14,17.68
28502,160.15625,815.125,8.7228125,44.18
28505,193.33333333333334,274.6666666666667,8.698333333333332,33.63
28506,286.70238095238096,2265.8690476190477,12.230119047619047,28.72
28507,232.3125,2372.097222222222,9.663541666666667,22.98
28508,235.86111111111111,413.92592592592587,9.505277777777778,43.67
28509,230.4848484848485,5295.280303030303,13.105151515151515,26.94
28512,228.625,293.5,7.796250000000001,35.28
28513,198.63541666666666,369.125,8.324479166666666,38.18
28514,195.7,237.0,11.2935,34.92
28516,168.3859649122807,3208.7587719298244,9.340570175438597,19.41
28517,225.4722222222222,4882.75,9.219166666666666,22.12
28520,187.8125,651.96875,5.770625,48.78
28521,192.95,226.75,7.889,30.27
28522,279.6666666666667,3481.5833333333335,10.23,26.02
28523,231.0686274509804,1960.7794117647059,11.490686274509804,25.07
28524,183.80833333333334,2543.8,8.9015,19.66
28525,134.48809523809524,5077.892857142857,6.580833333333333,14.47
28526,184.39285714285714,288.10714285714283,9.652142857142858,34.98
28527,300.5,318.5,11.7675,44.79
28528,197.35294117647058,3400.1029411764707,8.543676470588236,19.92
28529,223.1875,482.6875,10.705,47.89
28530,307.23148148148147,1746.5185185185185,9.12212962962963,26.09
28531,277.97222222222223,1929.236111111111,8.594583333333334,24.01
28532,258.1666666666667,3840.2916666666665,11.117916666666666,25.99
28533,307.4583333333333,220.16666666666666,7.782291666666667,35.54
28536,207.95,3066.9666666666667,11.629166666666666,24.08
28537,259.3125,2614.625,6.031874999999999,20.06
28538,306.4444444444444,4475.25,4.573333333333333,20.7
28539,264.02777777777777,221.75,2.6859722222222224,27.45
28540,175.97222222222223,2637.472222222222,6.718333333333334,16.7
28541,148.33333333333334,149.0185185185185,6.445555555555555,22.45
28542,126.52777777777777,4747.166666666667,9.116111111111111,17.05
28543,0.0,0.0,0.0,0.0
28545,302.0,177.75,7.645,32.98
28546,194.075,1935.0833333333335,4.527583333333334,15.03
28547,205.25,370.19444444444446,10.577777777777778,41.22
28548,220.59375,1515.9375,9.6884375,22.43
28549,252.1574074074074,2451.9953703703704,8.055925925925926,22.09
28550,222.66666666666663,3554.5454545454545,7.169242424242424,19.57
28551,212.5462962962963,2067.1111111111113,10.685092592592593,23.2
28552,282.4375,5208.5,6.52125,21.79
28553,350.5625,1044.875,21.653125,57.43
28555,273.26666666666665,3807.5,8.869499999999999,24.1
28557,172.66666666666666,199.08333333333334,10.438333333333333,30.87
28558,110.25,609.0,6.295,43.37
28559,175.8,2150.8,7.595000000000001,17.73
28560,205.0625,805.0625,5.751875,43.43
28562,201.2741935483871,2011.0967741935483,8.481424731182797,20.04
28564,87.58333333333333,7291.5,7.921666666666667,13.7
28565,227.89285714285714,1913.107142857143,7.583214285714285,20.32
28566,160.19642857142858,1731.1011904761906,7.258571428571429,16.55
28567,183.71604938271605,1216.4783950617286,8.990092592592593,25.61
28568,210.11363636363637,2269.090909090909,6.274696969696969,17.89
28569,108.5,117.27083333333333,6.590208333333333,19.04
28570,235.15,284.6,7.906333333333333,35.29
28571,259.5625,416.375,7.9,43.09
28572,160.10416666666666,2946.0625,6.649583333333334,15.83
28573,172.35,2083.35,7.94675,17.97
28574,151.4325396825397,2076.3928571428573,7.445079365079365,16.33
28575,185.47619047619048,1758.6309523809523,6.9347619047619045,17.43
28576,125.20833333333334,438.1041666666667,3.402083333333333,32.17
28577,165.0,2842.0,8.325138888888889,18.04
28578,135.65,604.15,6.958500000000001,45.18
28579,170.81944444444446,525.7638888888889,6.950555555555556,43.01
28580,186.05555555555557,1491.777777777778,10.111805555555556,21.2
28582,197.61458333333331,1417.5,8.9278125,20.38
28583,215.94791666666666,255.61458333333331,8.531666666666666,33.62
28584,170.625,718.875,11.092500000000001,52.3
28585,213.60555555555555,475.18333333333334,8.0165,43.87
28586,265.1296296296296,3055.074074074074,9.49861111111111,24.43
28587,254.79166666666666,321.6666666666667,3.7399999999999998,33.22
28588,228.77380952380955,3426.9166666666665,9.139999999999999,22.19
28589,224.2948717948718,231.28205128205127,7.985192307692308,32.17
28590,179.8815789473684,1546.3552631578948,8.968947368421052,19.55
28591,248.975,2708.391666666667,6.895999999999999,20.56
28592,205.04166666666666,1974.402777777778,9.640277777777778,21.59
28593,270.09722222222223,2442.847222222222,9.322916666666666,24.47
28594,160.01515151515153,4536.931818181818,9.04280303030303,18.64
28595,173.9537037037037,144.49074074074073,4.671944444444445,21.42
28596,205.63095238095238,463.1904761904762,7.093095238095239,41.79
28597,208.64583333333334,614.2604166666666,6.610416666666667,48.92
28598,213.8235294117647,1708.735294117647,9.970196078431373,22.42
28599,180.70833333333334,666.2916666666666,10.820416666666667,55.08
28600,202.95,1584.275,10.06025,21.98
28601,175.8125,1057.5833333333333,7.762291666666666,31.71
28602,183.30208333333334,3147.118055555555,9.085416666666667,19.85
28603,165.07051282051282,461.4487179487179,10.645705128205126,43.85
28604,172.7450980392157,1122.7598039215686,8.518382352941176,29.19
28605,181.66666666666666,1797.888888888889,5.0625,15.04
28606,146.11111111111111,5022.041666666667,7.263333333333333,15.85
28607,204.68827160493825,2223.2901234567903,8.749907407407408,20.53
28608,218.19444444444446,3456.0416666666665,4.558333333333333,16.27
28609,224.44444444444446,573.875,6.309583333333333,47.34
28610,168.25,2416.175,7.983750000000001,17.81
28611,273.43333333333334,3053.7166666666667,11.3215,26.99
28612,335.06666666666666,240.25,8.346166666666667,38.58
28613,235.28623188405797,780.2463768115941,9.698804347826087,50.83
28614,263.55,2206.05,9.022,23.79
28615,199.3125,417.875,8.668333333333333,41.06
28616,277.6296296296296,1666.611111111111,7.757499999999999,23.01
28617,235.125,3281.25,12.5325,26.5
28618,266.6136363636364,560.4166666666666,12.571287878787878,56.14
28619,216.79166666666666,2497.597222222222,8.526527777777778,20.87
28620,245.33333333333334,2026.4166666666667,6.994166666666667,20.5
28621,208.86111111111111,1304.1157407407409,9.230324074074074,22.76
28622,291.3125,1603.9375,7.715624999999999,23.64
28623,160.71666666666664,197.08333333333331,10.929833333333333,30.75
28624,205.40625,270.59375,7.4740625000000005,32.59
28625,281.6,448.75,14.530833333333334,53.61
28626,222.1,1857.075,9.910250000000001,22.76
28627,244.74242424242422,2263.674242424242,7.472954545454545,21.03
28628,104.18333333333332,86.41666666666666,4.0405,14.28
28629,202.34,2137.11,9.007200000000001,20.71
28630,187.125,1390.9895833333333,5.409895833333334,15.72
28631,182.51785714285714,314.6488095238095,7.527559523809524,33.71
28632,188.69047619047618,231.03571428571428,7.510714285714286,29.82
28633,252.725,4078.475,7.5802499999999995,21.55
28634,178.57407407407408,1692.5462962962963,6.446296296296296,16.51
28635,198.66666666666666,2447.96875,8.127673611111112,19.5
28636,161.44166666666666,1646.0333333333335,7.4102500000000004,16.79
28637,165.50833333333333,1680.8916666666664,6.20175,15.57
28638,332.0416666666667,301.3333333333333,7.383333333333333,40.36
28639,173.4351851851852,1730.9074074074074,7.556388888888888,17.56
28640,80.52777777777777,8853.0,8.423888888888888,13.94
28641,199.9551282051282,832.2179487179486,8.18801282051282,44.69
28643,203.80208333333334,2870.5833333333335,6.52,17.86
28644,181.2,2230.7,8.950999999999999,19.59
28645,217.4537037037037,1891.8981481481485,8.800092592592593,21.23
28646,267.425,329.7416666666667,11.64925,43.56
28647,282.7976190476191,2351.1666666666665,9.964404761904762,25.86
28648,217.79166666666666,3523.7083333333335,9.448749999999999,22.01
28649,265.05555555555554,1639.3333333333333,9.794537037037038,24.78
28650,210.45833333333334,2999.3541666666665,8.5375,20.57
28651,335.125,229.01388888888889,3.348333333333333,32.15
28652,301.4375,386.25,12.985,49.66
28654,268.625,391.71875,10.9784375,45.93
28656,170.57142857142858,97.10714285714286,5.836785714285715,20.25
28657,151.28571428571428,257.5357142857143,4.542619047619048,25.79
28658,174.4375,1010.8125,9.699375,36.26
28660,282.5,8882.305555555555,4.625,19.57
28661,230.77777777777774,4708.166666666667,9.893333333333333,23.18
28662,212.22916666666669,7134.541666666666,3.648125,14.9
28663,358.5,185.0,2.2625,29.84
28664,156.22916666666666,309.8541666666667,7.985625,32.7
28665,263.7916666666667,5959.729166666666,7.89875,22.48
28667,162.425,998.0958333333334,8.783916666666666,35.22
28668,221.35,188.75,10.3875,32.73
28669,182.91666666666666,5251.25,6.446666666666666,16.73
28670,224.6,2348.1,10.2295,23.26
28671,196.40625,485.65625,6.794375,42.1
28672,240.96666666666664,582.05,12.302833333333334,55.62
28673,152.45,574.9,8.013666666666667,45.8
28674,186.6527777777778,666.2916666666666,7.6305555555555555,51.62
28675,221.51666666666665,2888.6,7.454000000000001,19.85
28676,209.3181818181818,2258.568181818182,9.949772727272729,22.17
28677,0.0,0.0,0.0,0.0
28678,223.3125,403.75,9.043333333333333,41.99
28679,252.20833333333334,5668.4375,4.8185416666666665,18.28
28680,187.47916666666669,6858.8125,6.667708333333333,17.22
28681,233.70833333333334,5021.5625,6.833541666666667,19.72
28682,290.42857142857144,3478.2738095238096,6.276785714285714,21.91
28683,236.10714285714286,1795.0714285714287,7.235357142857143,20.32
28684,180.15,373.75,10.84,40.45
28685,252.3125,3321.4375,9.689375,24.01
28686,256.46666666666664,2834.1,8.332,22.63
28687,194.41666666666669,225.03333333333336,10.623333333333333,33.47
28688,249.5,430.0,12.9975,49.27
28689,240.78571428571428,266.42857142857144,11.602500000000001,39.01
28690,226.8,1324.3,10.055499999999999,23.62
28691,222.33333333333331,61.166666666666664,5.428333333333334,20.56
28692,147.61458333333334,4608.885416666667,1.5276041666666667,9.18
28693,193.18939393939397,1499.712121212121,9.77757575757576,21.16
28694,238.36111111111111,1073.201388888889,9.083055555555555,35.61
28695,145.16666666666666,323.25,7.19,31.88
28696,211.72222222222223,624.1851851851852,11.670277777777777,55.53
28697,239.95833333333334,334.93333333333334,8.78875,39.08
28698,230.57291666666669,2022.15625,7.81,20.72
28699,194.17857142857142,856.2142857142857,9.450714285714286,44.68
28700,180.13888888888889,471.0,8.064166666666667,42.04
28702,223.25,1484.0,9.56,22.41
28703,0.0,0.0,0.0,0.0
28704,233.375,501.375,9.256666666666666,47.63
28705,175.66666666666666,4608.552083333333,5.174583333333333,14.87
28706,173.25,11798.5,5.3575,14.97
28708,265.3333333333333,59.666666666666664,14.200000000000001,32.96
28709,219.9375,392.125,10.755,43.26
28711,255.36666666666667,1162.8833333333334,9.526333333333334,32.5
28712,211.9722222222222,1851.4722222222224,7.809305555555555,19.79
28713,178.5,392.8333333333333,9.148333333333333,39.33
28714,107.0530303030303,2213.2348484848485,4.681893939393939,10.86
28715,201.5,1071.719696969697,4.594621212121212,28.56
28716,184.82142857142858,350.75,8.375119047619048,36.63
28718,190.5277777777778,4052.5416666666665,6.765138888888888,17.49
28719,187.75,1072.2727272727273,4.56,27.81
28720,136.16666666666666,174.6,7.465333333333334,24.32
28721,224.28125,480.1875,11.30125,48.52
28722,206.3560606060606,269.95454545454544,8.487045454545454,33.8
28723,205.7037037037037,1604.6574074074074,3.2423148148148146,14.1
28724,267.0625,381.0138888888889,11.097569444444444,45.46
28725,192.78571428571428,5122.059523809524,7.115238095238095,18.01
28726,170.375,186.25,4.789375,23.47
28727,190.66666666666669,3370.25,6.488333333333333,17.17
28728,237.5625,179.3125,6.697500000000001,28.72
28729,167.03030303030303,1465.6893939393938,7.5403787878787885,17.22
28730,148.54166666666666,1778.4722222222224,4.135694444444444,12.29
28731,153.02083333333334,411.6458333333333,9.101875,38.94
28732,216.125,413.875,5.14125,37.55
28733,210.5,366.0,8.672142857142857,39.03
28734,188.0625,2432.659722222222,7.893472222222222,18.69
28735,245.925,1242.975,6.6295,24.61
28736,216.4722222222222,1841.5277777777776,9.337777777777779,21.81
28738,133.58333333333331,62.833333333333336,0.5545833333333333,10.47
28739,142.75,1484.5055555555555,7.531555555555555,16.0
28740,183.1875,192.125,11.929375,32.8
28742,168.52564102564105,989.5833333333334,7.380576923076924,34.3
28743,342.7833333333333,4706.466666666666,4.7170000000000005,22.69
28744,188.69736842105263,1047.2280701754385,10.778771929824563,36.42
28745,206.90104166666666,283.9947916666667,11.113125,37.62
28746,252.72395833333334,255.90625,8.686666666666667,35.65
28747,177.91666666666666,1355.8333333333333,12.336666666666666,23.41
28748,186.52777777777777,641.0740740740741,7.0125925925925925,49.63
28749,240.33333333333334,3552.1666666666665,7.895,21.3
28750,261.49305555555554,329.36111111111114,9.559375,40.79
28751,226.68055555555554,232.43055555555554,8.237083333333333,32.65
28752,264.9375,353.9375,13.439375,46.75
28753,0.0,0.0,0.0,0.0
28754,161.62962962962965,311.6111111111111,10.668611111111112,36.21
28755,253.14814814814815,1715.3055555555557,10.537777777777778,25.05
28758,197.1875,2762.75,7.6293750000000005,18.84
28759,257.4166666666667,644.8333333333334,14.645000000000001,62.34
28760,184.5,2856.5,6.573666666666666,16.96
28761,179.58333333333334,237.5,7.56375,29.75
28762,200.13690476190476,1131.607142857143,7.493214285714286,28.91
28763,148.30555555555557,308.5138888888889,7.041249999999999,31.12
28764,199.41666666666669,201.1060606060606,6.4407575757575755,27.6
28765,188.77651515151513,608.8219696969697,8.46628787878788,49.84
28766,224.58333333333334,69.375,5.168333333333334,20.78
28767,148.6875,290.0625,4.398125,27.11
28768,165.33333333333334,479.0,13.333333333333334,47.9
28770,155.875,419.3541666666667,9.535625,39.98
28774,215.10714285714286,1964.642857142857,6.21,18.06
28775,249.36904761904762,1704.4761904761906,6.117976190476191,19.67
28776,260.85714285714283,440.42857142857144,10.158214285714285,47.02
28777,204.33333333333334,5089.133333333333,4.51,15.52
28778,194.94444444444446,290.5324074074074,11.871805555555556,38.24
28780,263.1979166666667,3172.75,8.7221875,23.42
28781,231.58333333333334,236.83333333333334,9.759166666666667,34.9
28783,324.7916666666667,151.66666666666669,3.1289583333333333,27.5
28786,245.63888888888889,2509.8333333333335,10.039166666666667,24.09
28787,133.36904761904762,3898.0,6.188571428571429,13.95
28788,280.125,956.09375,7.49,41.68
28789,377.6875,37.916666666666664,3.682083333333333,25.11
28790,228.5625,679.96875,10.3725,56.3
28791,224.36666666666665,1198.7666666666667,9.066416666666665,28.61
28792,260.22222222222223,2429.25,8.22,22.68
28793,201.2222222222222,2311.8055555555557,12.632083333333332,24.92
28795,168.25757575757575,340.96969696969694,5.994166666666667,32.51
28796,282.0,2797.8125,6.405625000000001,21.64
28797,172.02380952380955,359.6011904761905,10.43345238095238,38.86
28798,137.57142857142858,2932.785714285714,7.774285714285713,16.02
28799,238.9242424242424,1353.5454545454545,8.722196969696968,22.21
28800,222.94444444444446,2473.3333333333335,8.15375,20.74
28801,209.80555555555554,2432.1666666666665,5.2875000000000005,16.71
28803,325.5,130.55555555555554,3.9069444444444446,27.4
28804,362.625,5696.875,4.460416666666667,23.38
28805,265.25,2262.464285714286,8.879642857142857,23.71
28807,193.08333333333334,6932.125,5.0575,15.6
28808,222.38888888888889,2342.4583333333335,7.792638888888889,20.29
28810,253.6388888888889,180.44444444444446,8.804722222222223,32.06
28811,256.7416666666667,292.55833333333334,9.446666666666667,38.58
28812,166.65,156.55,7.4535,24.93
28813,207.79166666666669,2189.714285714286,9.05297619047619,21.04
28814,255.62962962962968,146.47222222222223,5.292777777777777,26.33
28815,194.76190476190476,332.4642857142857,10.27892857142857,38.45
28816,174.9351851851852,1148.824074074074,12.24199074074074,32.37
28817,324.04166666666663,135.04166666666669,3.9091666666666667,27.55
28818,271.42857142857144,333.1904761904762,7.1745238095238095,38.67
28819,273.0,288.875,11.605,41.75
28821,183.70454545454547,1123.7045454545455,7.411969696969697,28.39
28822,219.26388888888889,1511.4444444444443,8.615555555555554,21.1
28823,203.66666666666666,310.6666666666667,11.782499999999999,39.58
28824,182.08333333333334,3526.4166666666665,10.145000000000001,21.04
28825,262.13888888888886,4271.333333333333,5.156666666666667,19.17
28826,206.78571428571428,1620.357142857143,8.075357142857142,19.84
28827,315.2083333333333,4492.73611111111,7.3933333333333335,24.46
28829,213.1,4015.6,8.2595,20.37
28830,227.26041666666666,222.47916666666666,10.2496875,34.55
28831,234.2651515151515,2405.083333333333,8.49340909090909,21.71
28832,201.7,4218.0,10.496,22.43
28834,220.875,283.5416666666667,12.010833333333332,39.35
28835,259.4270833333333,3310.520833333333,5.744375,19.73
28836,273.375,189.5,11.0321875,36.12
28837,256.6875,224.03125,7.97,33.41
28838,172.28205128205127,2879.2371794871797,6.325576923076923,16.06
28839,225.825,1830.8,9.283249999999999,22.21
28840,192.45555555555558,1275.0,11.114,25.61
28841,187.66666666666669,4347.266666666667,5.5024999999999995,15.86
28842,169.97222222222223,1244.638888888889,10.0675,24.78
28844,206.9351851851852,3778.9907407407404,9.878333333333334,21.97
28845,215.39102564102566,4311.698717948718,8.384102564102564,20.63
28846,267.21666666666664,2795.483333333333,7.684666666666667,22.4
28847,212.33333333333334,46.666666666666664,10.193333333333333,24.94
28848,244.41666666666666,303.2166666666667,6.982249999999999,35.6
28849,317.375,261.8916666666667,10.293416666666667,41.07
28851,163.5,371.25,12.6725,41.65
28852,207.47916666666666,1685.21875,7.330104166666667,19.0
28853,158.13888888888889,3716.6666666666665,5.6315277777777775,14.53
28854,301.86111111111114,189.69444444444446,7.549166666666667,33.46
28855,110.34523809523809,6243.404761904762,6.492142857142857,13.16
28856,199.75,1419.75,13.3925,25.74
28857,209.05,92.53333333333333,7.460833333333333,23.86
28858,256.7857142857143,1763.857142857143,9.866428571428571,24.45
28859,247.55,2317.9,11.048,25.38
28860,205.42708333333334,996.96875,6.575520833333333,34.83
28861,182.125,2675.0,4.5337499999999995,14.44
28863,216.625,3470.0833333333335,8.139166666666666,20.41
28864,191.64285714285714,808.1428571428571,7.304285714285713,44.43
28865,69.08333333333333,781.1666666666666,2.9250000000000003,34.5
28866,168.79166666666669,1831.5238095238096,6.843214285714285,16.49
28867,184.25,406.25,11.415,42.95
28869,193.1282051282051,1382.9807692307693,9.976602564102564,21.39
28870,247.61111111111111,354.02777777777777,5.218194444444444,36.22
28871,200.41666666666666,3482.4166666666665,8.778333333333334,20.35
28873,158.5,5798.5,5.877777777777777,14.84
28874,190.109649122807,2200.824561403509,6.535833333333333,17.19
28875,199.5277777777778,1878.9097222222224,9.028958333333334,20.6
28876,151.79761904761904,2520.654761904762,8.083214285714286,17.1
28878,186.8125,1315.03125,8.7815625,20.59
28879,197.25,759.7916666666666,13.3575,54.25
28880,272.125,2164.3333333333335,6.78125,21.58
28881,230.75,1824.8645833333333,7.870416666666666,20.8
28882,271.26666666666665,557.1666666666667,6.408499999999999,48.96
28883,23.0,13252.0,0.5133333333333333,1.75
28884,190.41666666666669,1526.3,9.777833333333334,21.02
28886,10.5,2.0,0.0,0.63
28887,177.25,299.0,10.52,36.19
28888,163.55208333333334,1465.78125,3.0788541666666664,11.8
28889,184.65,4518.9,5.681,15.92
28890,267.7604166666667,4344.125,10.2734375,25.47
28891,193.75641025641028,829.3333333333334,9.184038461538462,45.69
28892,223.08333333333334,4385.916666666667,6.6384375,18.96
28893,297.5625,254.25,12.014375,41.73
28895,308.8888888888889,303.2685185185185,10.80037037037037,43.31
28896,178.44444444444443,3217.2055555555557,7.515888888888889,17.76
28897,125.0,0.0,0.0,6.25
28898,71.5,260.5,0.715,17.44
28899,195.9484126984127,1488.7420634920634,8.724444444444444,20.06
28901,133.3125,317.0625,5.0806249999999995,28.5
28902,218.45833333333334,3917.8333333333335,8.425416666666665,20.84
28903,297.8666666666667,2171.616666666667,7.161333333333333,23.32
28905,176.59166666666667,390.175,10.811166666666667,41.06
28906,185.625,1038.3958333333333,8.294166666666667,33.79
28907,160.23333333333332,219.56666666666666,5.829166666666667,25.85
28908,208.66666666666666,209.83333333333334,5.0625,26.88
28909,209.33333333333334,3363.25,4.5725,15.85
28910,222.02173913043478,3433.1702898550725,8.206485507246377,20.76
28913,131.5,178.75,8.64,25.68
28915,179.48333333333332,2683.0166666666664,4.0245,13.71
28916,213.30208333333334,2029.861111111111,9.7359375,22.12
28917,135.22435897435895,1306.0192307692307,8.838076923076922,18.52
28918,218.15,6016.9,7.5969999999999995,19.85
28919,364.625,224.75,9.122499999999999,40.2
28920,240.52380952380955,612.8095238095239,12.92952380952381,57.88
28922,234.05952380952382,2013.404761904762,7.097857142857143,20.05
28923,289.3611111111111,3647.805555555555,12.921944444444442,29.67
28924,128.36363636363637,1324.6287878787878,3.0511363636363638,10.44
28927,214.58333333333334,2471.8333333333335,7.135833333333333,19.12
28928,166.47222222222223,3205.3958333333335,7.3279861111111115,16.94
28929,253.6060606060606,335.57575757575756,7.368560606060606,38.13
28930,241.20370370370372,1709.2777777777778,9.548055555555557,23.29
28931,243.0,41.75,5.65,20.88
28932,209.71428571428572,169.78571428571428,3.614404761904762,23.23
28933,179.85,961.6666666666666,5.043833333333334,33.51
28934,268.875,208.625,9.29125,34.81
28935,217.4814814814815,230.4074074074074,11.961851851851852,36.47
28937,191.7037037037037,2804.175925925926,6.5,17.23
28938,226.84375,1601.96875,6.3515625,18.81
28939,177.6527777777778,2329.5833333333335,7.488055555555555,17.69
28940,243.5,963.8333333333334,12.022166666666667,44.79
28942,196.75,1702.65625,10.4428125,22.12
28943,220.75,215.125,7.04125,30.08
28944,295.375,271.6875,11.911875,42.37
28945,146.16666666666666,1031.35,8.7295,32.68
28946,218.91666666666666,3585.5833333333335,10.583333333333334,23.4
28948,205.10185185185185,469.1018518518519,7.656018518518518,42.72
28949,267.9642857142857,1692.297619047619,9.36357142857143,24.41
28950,192.69444444444443,188.69444444444446,8.97888888888889,29.63
28951,223.10185185185185,2831.648148148148,9.136111111111111,21.9
28954,329.4166666666667,347.1666666666667,12.987500000000002,49.11
28955,249.66666666666666,1038.0833333333333,17.6375,48.0
28956,204.82692307692307,466.8974358974359,11.617564102564103,47.25
28958,229.8257575757576,349.3333333333333,10.298712121212121,41.07
28959,217.8125,190.5625,6.234375,27.75
28961,208.65,759.6166666666667,8.438500000000001,49.05
28962,247.125,479.25,15.857500000000002,54.97
28963,216.26388888888889,4397.791666666667,6.293472222222223,18.22
28964,301.3055555555556,226.09722222222226,6.385138888888889,33.88
28965,221.6111111111111,4701.416666666667,11.256944444444443,24.32
28966,228.67307692307693,365.9807692307692,8.854807692307691,40.15
28967,175.88541666666669,1806.1145833333333,5.9375,15.78
28968,189.13888888888889,3433.569444444444,4.921388888888889,15.25
28969,210.97222222222223,1516.0648148148148,7.379259259259259,19.23
28970,197.0,639.0,11.2175,55.0
28971,188.80952380952382,2716.452380952381,8.742380952380952,19.73
28973,121.63333333333333,356.4333333333333,4.6165,29.33
28974,309.375,415.0,5.375625,42.54
28975,175.03703703703704,4076.972222222222,6.995555555555556,16.98
28976,222.11111111111111,2442.388888888889,7.099444444444444,19.46
28977,400.0,146.75,2.1875,29.91
28978,232.66666666666666,1039.0416666666665,14.523958333333335,43.43
28979,207.03571428571428,422.85714285714283,7.4835714285714285,40.3
28980,261.92857142857144,332.8452380952381,8.673809523809524,39.94
28981,295.75,75.5,5.0,24.44
28982,156.85714285714286,4439.678571428572,10.254285714285714,19.91
28983,184.55555555555554,404.0416666666667,9.554166666666667,40.67
28984,200.40625,350.03125,9.605625,38.82
28985,193.0111111111111,1970.7277777777779,9.0045,20.24
28986,178.26388888888889,228.34722222222223,9.062222222222223,30.99
28987,299.61111111111114,216.31944444444443,5.854444444444444,32.68
28988,211.1875,825.625,13.131874999999999,51.39
28989,148.1,3570.6166666666663,6.802833333333334,15.41
28990,276.75,192.66666666666666,10.68,36.04
28991,178.79166666666669,91.5,2.956666666666667,16.99
28992,215.04166666666669,3074.8125,7.9904166666666665,20.15
28996,168.89583333333334,354.3020833333333,8.9896875,36.74
28998,189.875,298.60714285714283,9.644107142857143,35.77
28999,218.8148148148148,1699.5,12.261666666666665,25.37
29000,185.75833333333333,366.3833333333333,8.444833333333332,37.54
29001,203.92857142857142,2027.0714285714287,12.214642857142858,24.57
29002,243.25,434.25,8.113055555555556,43.42
29003,221.10416666666666,448.1041666666667,10.737499999999999,46.09
29004,232.3125,325.0,10.844375000000001,40.62
29006,164.91666666666666,1187.138888888889,11.73638888888889,29.36
29008,265.7666666666667,485.3166666666667,8.425833333333333,47.47
29011,200.98214285714286,3733.041666666667,8.618869047619047,20.19
29012,199.42857142857142,2158.6785714285716,10.590238095238094,22.43
29013,226.8,308.2,4.383,31.91
29014,166.93055555555557,5353.326388888889,6.120555555555555,15.55
29015,202.35897435897434,4675.74358974359,6.856858974358975,18.18
29017,251.4375,3482.375,7.0903125,20.91
29018,210.57638888888889,3424.597222222222,4.702638888888889,16.06
29019,291.7395833333333,1936.0208333333333,11.15625,27.71
29020,253.45833333333334,1156.7833333333333,7.357416666666667,30.16
29021,284.39393939393943,2364.1136363636365,9.306287878787879,25.17
29022,192.93518518518516,2773.675925925926,8.11962962962963,19.2
29023,259.39285714285717,2067.6428571428573,7.80702380952381,22.15
29024,252.88541666666666,1877.125,6.90625,20.77
29025,187.5,0.0,0.0,9.38
29026,263.2833333333333,7387.9,9.260166666666667,24.06
29027,169.8125,3914.625,9.351875,19.49
29028,184.67261904761904,1727.8452380952383,10.223214285714286,21.26
29029,293.68055555555554,2258.25,5.352361111111111,20.98
29030,194.20833333333334,7419.5,6.437083333333334,17.28
29031,211.66666666666669,354.76190476190476,11.498214285714285,41.85
29034,307.20833333333337,5066.25,2.7645833333333334,18.61
29035,455.875,49.75,7.701250000000001,34.34
29036,218.08333333333334,458.2083333333333,9.232916666666666,44.68
29037,278.0,330.75,15.7725,48.99
29039,264.0,10369.25,7.385,21.89
29040,163.5,486.0,8.881785714285714,42.92
29041,237.41666666666666,285.0,3.5416666666666665,30.29
29042,188.51190476190476,1552.0119047619048,9.44047619047619,20.53
29043,208.0625,267.375,10.530208333333333,36.16
29044,220.7388888888889,335.7,8.884333333333332,38.27
29045,193.13333333333333,248.01666666666665,8.526833333333332,32.09
29048,223.40625,1885.0729166666667,8.704375,21.41
29050,151.6,219.1,9.3285,29.51
29051,221.35,242.05,10.219,35.19
29052,153.5,210.25,9.1875,29.0
29053,138.16666666666666,151.36666666666665,7.722166666666666,23.56
29054,178.72222222222223,319.537037037037,7.7325,34.01
29055,220.92307692307693,2602.455128205128,8.436666666666666,20.97
29056,286.375,405.5,10.43,46.86
29057,221.22222222222223,436.47222222222223,11.066666666666666,45.9
29058,114.94444444444444,2548.0555555555557,9.910277777777777,17.41
29060,223.91666666666666,171.95833333333334,8.902083333333334,30.27
29061,196.0462962962963,275.72685185185185,11.922685185185186,37.62
29062,220.625,1052.0729166666667,8.690781249999999,35.32
29064,154.58333333333334,319.5833333333333,6.9975,31.94
29065,176.85714285714286,703.8809523809524,4.522738095238095,45.64
29066,153.80555555555554,4672.722222222223,8.946666666666665,18.22
29067,233.29166666666666,305.625,6.861249999999999,35.02
29069,182.95,269.5,8.345749999999999,32.44
29070,213.5,1863.5416666666667,5.542916666666667,17.2
29072,198.75,198.1875,4.2925,24.9
29074,206.57291666666666,3140.65625,6.7484375,18.27
29075,203.5,3486.1666666666665,8.5275,20.21
29076,242.4,469.9,10.3325,47.77
29078,174.5,324.0833333333333,9.573333333333332,36.19
29080,214.5,286.6666666666667,9.320833333333333,36.02
29081,172.75,514.25,10.50375,46.71
29082,202.58333333333334,1152.4920634920634,9.748055555555556,30.64
29083,209.5,791.4583333333334,10.454166666666667,49.87
29084,175.625,3522.0,7.168125,17.21
29085,218.3,3154.675,9.46125,22.05
29087,207.6818181818182,2149.3863636363635,8.147954545454546,19.97
29089,177.74358974358972,838.4935897435897,3.3684615384615384,37.59
29090,240.0,1899.25,13.91,28.36
29091,288.30555555555554,1911.4027777777776,8.705,24.66
29092,180.58333333333334,523.0833333333334,15.3075,53.19
29096,205.1111111111111,7683.916666666667,1.4366666666666665,11.95
29098,215.375,309.25,8.816875,36.6
29099,178.28125,1419.9895833333333,9.071041666666666,19.59
29100,281.40909090909093,488.9015151515152,7.520681818181817,47.36
29101,239.43333333333334,3095.5333333333333,9.6485,23.32
29102,0.0,0.0,0.0,0.0
29103,268.0,339.6666666666667,10.483333333333333,42.72
29104,206.8,4179.95,8.031,19.79
29105,220.27777777777777,1482.9166666666667,8.147962962962962,20.6
29106,175.2037037037037,1215.3333333333333,11.403611111111111,28.08
29107,244.6875,2878.40625,6.5112499999999995,19.89
29108,242.60714285714286,244.5238095238095,7.215714285714285,32.85
29111,185.57291666666669,322.7916666666667,9.155729166666667,36.19
29112,194.71296296296293,1601.9166666666667,5.606388888888889,16.33
29116,221.03333333333336,2103.75,5.709999999999999,17.77
29117,197.86458333333334,435.7395833333333,11.6953125,45.44
29119,195.73333333333332,441.8833333333333,6.8263333333333325,39.91
29121,188.03571428571428,3023.464285714286,9.192857142857141,20.22
29122,243.08333333333331,2816.733333333333,8.187999999999999,21.79
29123,292.98958333333337,419.3125,8.95,46.14
29124,176.1111111111111,4465.5,8.471666666666666,18.77
29125,306.375,5197.0,6.08875,22.48
29126,230.09375,2664.2708333333335,6.560416666666667,19.22
29128,153.30952380952382,2040.75,8.091190476190476,17.18
29129,344.3,1331.9166666666665,9.820083333333333,28.84
29131,300.75,250.25,7.645,36.54
29134,214.25,6027.25,5.51875,17.21
29135,228.61111111111111,4256.097222222222,8.850694444444445,21.84
29136,227.69444444444446,468.3680555555556,7.123541666666667,43.18
29138,171.875,2715.75,5.5024999999999995,15.07
29139,282.34722222222223,110.06944444444446,4.42125,24.82
29140,116.98333333333332,769.7166666666667,8.227,43.71
29141,223.20138888888889,1433.7430555555557,8.040000000000001,20.62
29143,274.36111111111114,280.0833333333333,5.892361111111111,34.65
29144,122.375,5296.375,3.44,10.17
29146,237.25,447.0625,6.390625,41.73
29147,206.06944444444443,3205.0625,7.621041666666667,19.27
29149,201.0,0.0,7.665,19.07
29151,170.47619047619045,3432.785714285714,7.314642857142857,17.13
29163,177.984375,1613.0104166666667,8.0840625,18.41
29170,168.75,58.25,10.1425,23.28
29179,0.0,0.0,0.0,0.0
29187,222.67857142857142,1580.2142857142858,6.199642857142857,18.43
